   ,SERVICETYPE,TITLE,BODY,APPTYPE,CATEGORYCODE,PSPCODE,PROVINCEID,TERMINALTYPECODEMMS,TERMINALNUMBER,RESIDENCYTYPECODEMMS,MERCHANTTYPECODEMMS,NATIONALCODE,STARTDATESEND,STARTTIMESEND,ENDDATESEND,ENDTIMESEND
12,3,ADSDFSDAASSDFSFSDFSADFDFASDFAS,DSDFSDAASSDFSFSDFSAD,0,4011,581672141,null,null,47370909,0,0,70424111,1.68112E+12,1.61753E+12,1.68199E+12,1.61752E+12
18,3,DSDFSDAASSDFSFS,ADSDFSDAASSDFSFSDFSADF,2,7534,,null,0,90248138,0,null,1231778372,1.68112E+12,1.61753E+12,1.68199E+12,1.61752E+12
6,0,SDFSDAASSDFSFSDFSADF,DSDFSDAASSDFSFSDFSADFDFASDFASDFSDAAA7521S,1,null,581672042,null,null,4713992,0,null,,1.68112E+12,1.61753E+12,1.68199E+12,1.61752E+12
35,2,DSDFSDAASSDFSFS,ADSDFSDAASSDFSFSDFSADFDFASDFASDFSD,1,7299,581672061,null,0,10687465,0,0,,1.68112E+12,1.61753E+12,1.68199E+12,1.61752E+12
4,2,SDFSDAASSD,ADSDFSDAASSDFSFSDFSADFDFASDFA,1,8999,581672082,22,-1,95208636,null,0,,1.68112E+12,1.61753E+12,1.68199E+12,1.61752E+12
36,2,ADSDFSDAASSDFSFSDFSADFDFASDFASDFSDAASD,ADSDFSDAASSDFSFSDFS,2,1740,581672082,22,1,92624903,0,1,,1.68112E+12,1.61753E+12,1.68199E+12,1.61752E+12
25,2,ADSDFSDAASSDFSFSDFSADFDFASDFASDFSD,SDFSDAASSDFSFSDFSADFDFASDFASDFSDAAA7521,2,4582,581294536,null,0,3586254,0,null,,1.68112E+12,1.61753E+12,1.68199E+12,1.61752E+12
20,1,SDFSDAASSDFSFSD,SDFSDAASSDFSFSDFSADFDFAS,1,7338,581672051,11,1,47694815,-1,3,,1.68112E+12,1.61753E+12,1.68199E+12,1.61752E+12
28,3,SDFSDAA,ADSDFSDAASSDFSFSDFSADFDFASDFASD,0,9311,,null,0,91319042,-1,null,,1.68112E+12,1.61753E+12,1.68199E+12,1.61752E+12
24,4,SDFSDAASSDFSFSDFSADFDFASDFASDFSD,ADSDFSDAASSDFSFSDFSADFDF,0,8651,,11,null,42507451,0,null,,1.68112E+12,1.61753E+12,1.68199E+12,1.61752E+12
10,0,DSDFSDAASSD,ADSDFSDAASSDFSFSDFSADFDFASDFASDFSDAAA7521SDF,1,8099,581672011,9,-1,30434251,0,null,,1.68112E+12,1.61753E+12,1.68199E+12,1.61752E+12
34,2,ADSDFSDAAS,DSDFSDAASSDFSFSDFSADFDFASDFASDFSDAA,0,5051,581672061,11,0,59871364,0,0,,1.68112E+12,1.61753E+12,1.68199E+12,1.61752E+12
26,0,ADSDFSDAASS,ADSDFSDAASSDFSFSDFSADFDFASD,0,null,,9,0,74741560,0,0,,43286969169,1.32E+12,9.38E+11,1.35E+12
7,2,SDFSDAASSDFSFSDFSADFDFASDFAS,ADSDFSDAASSDFSFSDFSADFDFASDFASD,0,7342,,19,null,62545476,1,null,,null,null,1.50E+12,1.39E+12
3,1,SDFSDAASSDFSFSDFSADFDF,SDFSDAASSDFSFSDFSADFDFASDFASDFSD,2,7333,581672082,null,1,51054900,0,0,,4.66E+11,2.84E+11,1.28E+12,1.40E+12
22,2,ADSDFSDAASSDFSFSDFSADFDFA,DSDFSDAASSDFSFSDFSADFDFASDFASDFSDAAA7521SDFSADFASD,1,null,581672141,null,0,68655302,0,null,,1.61E+12,null,null,1.53E+12
39,4,DSDFSDAASSDFSFSDFSADFDFASDFASDFSDA,ADSDFSDAASSDFSFSDFSADFDFASDFASDFSDA,0,8999,581672021,null,1,15987412,0,2,,8.93E+11,null,1.33E+11,1.53E+12
11,3,DSDFSDAASSDFSFSDFSADFDFASDFASDFSDAAS,ADSDFSDAASSDFSFSDFSADF,1,4225,581672051,22,0,70602063,null,0,,1.66E+12,6433113242,1.64E+12,1.54E+12
27,4,SDFSDAASSDFSFSDFSADFDFASDFASDFSDAAS,DSDFSDAASSDFSFSDFS,1,8099,581672021,9,1,25663814,0,0,,null,null,3.65E+11,1.55E+12
33,2,SDFSDAASSDFSFSDF,ADSDFSDAASSDF,2,null,581672042,null,null,85015310,0,0,,1.27E+12,1.58E+12,7.79E+11,1.62E+12
30,3,ADSDFSDAASSDFS,ADSDFSDAASSDFSFSDFS,2,1799,581672042,11,0,73317812,0,0,,null,null,null,1.62E+12
40,3,DSDFSDAAS,SDFSDAASSDFSF,2,8999,581672061,6,0,58927948,0,null,,1.61752E+12,1.61753E+12,7.33E+11,1.66E+12
8,1,DSDFSDAASSDFSFSDFS,DSDFSDAASSDFSFSDFSADFDFAS,1,null,581672131,26,0,99016517,null,2,,1.54E+12,null,51369441099,null
16,2,SDFSDAASSDFSFSDFSADFDFASDFASDF,DSDFSDAASSDFSFSDFSADFDFASDFASDFSDAAA752,2,1520,581672051,14,1,17661296,0,1,,1.16E+12,null,1.30E+11,null
17,4,ADSDFSDAASSDFSFSDFSADFDF,SDFSDAASSDFSFSDFSADFDFASDFASDFSDAAA7521SDFS,1,9399,581672042,10,0,53488934,1,0,,2.17E+11,9.64E+11,2.27E+11,null
9,4,DSDFSDAASSDFSFSDFSADFDFASDFASDFSDAASD,DSDFSDAASSDFSFSDFSADFDFASDFASDFSDAAA7521SDFS,2,5983,581672042,null,0,5754829,0,4,,3.46E+11,null,4.53E+11,null
23,4,DSDFSDAAS,DSDFSDAASSDFSFSDFSADFDFASDFASDFSDAAA,0,7699,581672111,14,1,38656395,0,0,,null,1.44E+12,7.60E+11,null
32,2,ADSDFSDAASSDFSFSDFSADFDFASDFAS,ADSDFSDAASSDFSFSDFSADFDFASDFASDFS,1,9211,581672042,19,0,74469835,null,2,,1.35E+12,1.55E+11,1.59E+12,null
38,3,ADSDFSDAASSDFSFSDFSADFDFASDFASDFS,ADSDFSDAASSDFS,2,8299,,null,null,8313760,1,0,,null,7.62E+11,null,null
14,1,ADSDFSDAASSDFSFSDFSADFDFASDFASDFSD,SDFSDAASSDFSFSD,2,null,581672141,6,0,8319597,0,null,,8.48E+11,8.55E+11,null,null
2,4,ADSDFSDAASSDFSFSDFSADFDFA,SDFSDAASSDFSFSDFSA,2,null,581672042,null,0,38251333,0,null,,2.65E+11,1.51E+12,null,null
15,0,ADSDFS,ADSDFSDAASSDFSFSDFSADFDF,1,9399,581672051,10,null,94308862,0,2,,1.61752E+12,1.61753E+12,null,null
1,4,SDFSDAASSDFSFSDFSADFDFASDFA,SDFSDAASSDFSFSDFSADF,2,8244,581672042,9,0,95111109,0,0,,1.61752E+12,null,null,null
13,3,DSDFSDAASSDFSFSDFSADFDFASDFASDFSDAASDFS,ADSDFSDAASSDFSFSDFSAD,1,null,,null,0,85724794,0,0,,null,null,null,null
37,3,ADSDFSDAASSDFSFSDFSADFDFASDFASDFSDAA,ADSDFSDAASSDFSFSDFSADFDFASDFASDFSDAAA7521S,2,5997,,null,0,38706896,0,0,,null,null,null,null
21,4,ADSDFSDAASSDFSFSDFSADFDFASDFASDFSD,ADSDFSDAASSDFSFSDFSADFDFASDFASDFSDAAA7521,1,7299,581672031,null,0,94321989,1,0,,null,null,null,null
29,4,DSDFSDAASSDFSFSDFSADFDFASDFASDFSDAASDFS,ADSDFSDAASSDFSFSDFSADFDFASDFASDFSDAAA,0,7512,581672042,null,0,88063944,0,1,,null,null,null,null
19,4,DSDFSDAASSDFSFSDFSADF,DSDFSDAASSDFSFS,2,null,581672042,31,0,27499809,0,2,,null,null,null,null
5,0,ADSDFSDAASSDFSFSDFSAD,ADSDFSDAASSDFSFSD,2,7277,581672111,null,0,39150440,0,2,,null,null,null,null
31,1,SDFSDAASSDFSFSDFSADFDFASDFAS,ADSDFSDAASSDFSFSDFSADFDFASDFASDFSDAAA7521SDFSADFAS,0,8999,581672042,19,0,9900074,1,4,,null,null,null,null
